username,userMediaCount,userFollowerCount,userFollowingCount,userHasHighlighReels,userHasExternalUrl,userBiographyLength,usernameLength,usernameDigitCount
oliver.wang1,1,612,671, True, None,11,12,1
ivan_kalla,3,474,501, True, None,8,10,0
meha_elango,0,199,307, True, None,0,11,0
_lisa_morris_,16,2602,705, True, http://www.bitcoin.com/,62,13,0
emily__williams002,1,1325,2259, True, http://www.unfpa.org/,84,18,3
jfan260,0,143,157, True, None,7,7,3
miranda_baylor1,1,1137,3228, True, None,59,15,1
ananya.s21,11,1310,1138, True, None,9,10,2
linda_allison23,1,890,3687, True, None,0,15,2
allisondu_,0,138,178, True, None,42,10,0
linda_koko19,3,1177,1285, True, None,53,12,2
tayrperline,37,947,515, True, None,37,11,0
emmasimpss,221,2036,1714, True, None,7,10,0
pirateangelsart_1414,104,458,1185, True, http://www.linkedin.com/in/jlraimondo/,112,20,4
sandra_skuyt1,8,1557,4072, True, None,76,13,1
fridga888,6,877,666, True, None,4,9,3
roselina2860,2,132,712, True, None,0,12,4
_henry__mason__,59,10546,3998, True, None,145,15,0
tobeyanist,1,354,542, True, None,9,10,0
jessica_mia7723,0,1280,4592, True, None,43,15,4
haye_s.12,2,2264,2455, True, None,45,9,2
lukewojdyla,38,626,1044, True, None,0,11,0
j_xmartin1,0,1011,2410, True, None,6,10,1
jan_sctt870,3,1171,7751, True, None,22,11,3
jessica_ava_4,0,1770,2548, True, None,120,13,1
oliviamburt_,11,1064,1454, True, None,6,12,0
joeycifani,0,301,890, True, None,12,10,0
k_gacono,277,3182,6289, True, https://aha.cce.af.mil/referral?id=d94d9c74-a7ab-40d3-9e0c-1b00be4d1179,138,8,0
holly.adam,12,1146,880, True, None,26,10,0
halle.hamblin_,0,27,132, True, https://rebrand.ly/hallehamblin,104,14,0
zebarmor,37,1342,2070, True, None,81,8,0
dwoneal3,29,300,424, True, None,0,8,1
sherri_watson19352,3,1518,4745, True, None,50,18,5
cheska_reds123,4,951,2889, True, None,40,14,3
woodskylie02,0,771,4252, True, None,0,12,2
aki_javi_0821,12,1363,851, True, None,7,13,4
kayllaa__sisson423,0,734,446, True, None,68,18,3
ameliaroseloveeddie,1,1116,772, True, None,0,19,0
nmt_1908,5,1789,7488, True, None,29,8,4
ch.xrlotte,39,638,560, True, None,13,10,0
kelsb_art_2005,20,340,362, True, None,105,14,4
kirtanpatellll,1,904,706, True, None,8,14,0
j_zenas02,51,442,506, True, None,35,9,2
rykrawec,6,498,570, True, None,9,8,0
revere.mens.tennis,15,150,28, True, None,84,18,0
leahnicolee03,7,233,719, True, None,17,13,2
lh_cubillos,76,973,1576, True, None,0,11,0
pgaur12,5,423,514, True, None,8,7,2
dannihu01,87,1007,952, True, None,104,9,2
mary_smith_9294,1,1125,1888, True, None,101,15,4
rachelljeong,4,775,738, True, None,25,12,0
davidsharpie,93,418,294, True, None,71,12,0
sheen_lew,3,211,193, True, None,13,9,0
sunny_.daze,157,815,837, True, None,79,11,0
heatherz99,29,360,401, True, None,9,10,2
michiganrectennis,12,69,40, True, https://maizepages.umich.edu/organization/rectennisclub,54,17,0
meli.dupond00,0,19,228, True, None,0,13,2
mellisa_perkinss,6,769,7255, True, None,24,16,0
alexander_fxh,30,982,5411, True, None,58,13,0
adam.a.robinson,5,266,325, True, None,13,15,0
amelia_the_writerr,212,277,7542, True, None,114,18,0
will_krew,0,465,566, True, None,27,9,0
nnem_a,5,1207,1346, True, None,11,6,0
herbert.lau1,1,555,979, True, None,38,12,1
mary_jane00200,0,344,2380, True, None,17,14,5
_ninjalyssa_,6,586,761, True, None,47,12,0
rhs.hallway.crush,4,89,147, True, None,34,17,0
dljh1964,32342,1156,5882, True, https://thehaasiendaonshroyer.com/,134,8,4
dana_essays,56,268,4030, True, None,129,11,0
ryan._mac,8,1089,1048, True, None,17,9,0
bbahiam,138,520,727, True, None,73,7,0
kelsb_art_2023,18,229,473, True, None,80,14,4
jamietodd_,89,1343,1167, True, None,41,10,0
paarth.s,26,644,700, True, None,53,8,0
aduhrich,11,706,444, True, None,51,8,0
ohiosportsfan56,0,5,101, True, None,0,15,2
kyledavis355,0,248,359, True, None,0,12,3
chris.coffey76,0,450,918, True, None,37,14,2
nadav.oren_2002,3,381,502, True, None,9,15,4
janet_roy3542,2,475,2794, True, None,0,13,4
macie_elizabeth_oo,4,1305,7405, True, None,102,18,0
ilansidi123,13,395,452, True, None,11,11,3
shelby_wylucki,33,619,558, True, None,47,14,0
nrestivo10,2,306,339, True, None,0,10,2
en.zuko,37,1146,971, True, https://youtu.be/CAyaqshJ6d4,131,7,0
gregoirefuret,23,123,154, True, None,0,13,0
col_obrien,128,428,690, True, None,0,10,0
teedunff,300,774,1110, True, None,53,8,0
victoriarosepinto,161,3600,3402, True, https://open.spotify.com/track/4Ps0bUA2LvwnBSSY2CsYpF?si=xf2Xu-toTvih9Y9Cp5r95g,130,17,0
emilyclaireeg,59,1680,6114, True, None,74,13,0
umichaffirmations,169,15114,601, True, https://www.redbubble.com/people/umichaffirm/shop?artistUserName=umichaffirm&asc=u&iaCode=all-departments&sortOrder=recent,91,17,0
thamer_alebdi,14,147,215, True, None,46,13,0
ironrootsstrength,1500,1164,2301, True, https://linktr.ee/IronRoots,138,17,0
mandafarris,70,693,968, True, None,67,11,0
jen.ctw,505,659,605, True, http://clubtimewarp.com/,25,7,0
alannawathen,549,553,660, True, None,38,12,0
vneckdoc,77,473,509, True, None,0,8,0
hirsh.kabaria,152,1267,1898, True, None,64,13,0
eric.paik,17,1122,919, True, https://blacklivesmatters.carrd.co/,48,9,0
sauna_express,3,57,782, True, https://sauna-express.com/,124,13,0
greatfulrobynn,89,595,1774, True, None,39,14,0
ethantaiiiii,7,1301,1211, True, None,14,12,0
sam_lazbin,4,437,859, True, None,9,10,0
meritwags,21,1421,4592, True, None,31,9,0
aaron_stalnaker512,2,288,292, True, None,22,18,3
urbane_instagrmr,39,273,312, True, None,34,16,0
shreya_rayee,9,863,1300, True, None,12,12,0
caseyrosegallagher,4,779,456, True, http://vsco.co/caseyrgallagher/,6,18,0
cooper_buckley,0,577,645, True, None,26,14,0
owen_gregory_,11,1085,1076, True, None,27,13,0
pablo.ansdorfer,63,150,175, True, None,45,15,0
snk_012,44,641,1700, True, None,23,7,3
carter.b__,12,514,499, True, None,7,10,0
mcamichigan,22,105,422, True, None,145,11,0
_jen.lui,4,1817,1869, True, None,123,8,0
kyrawatts_,46,1201,1266, True, None,16,10,0
michael._.ka25,14,809,1908, True, https://mobile.twitter.com/MichaelKaras17,92,14,2
boots.william,9,75,100, True, None,7,13,0
jacob.zayne,6,787,1140, True, None,44,11,0
number_1_party_rocker,0,298,162, True, None,19,21,1
annabailiee,31,875,1806, True, None,15,11,0
nicole_tianle,3,1272,1660, True, None,22,13,0
lilydravo,69,2162,6492, True, None,66,9,0
ramen9499,0,229,252, True, None,21,9,4
avanicely,19,1146,1514, True, None,22,9,0
vick072,3,198,913, True, None,0,7,3
michiganlifesocial,2,38,116, True, None,129,18,0
maxcrisalli,12,908,2287, True, https://m.youtube.com/watch?v=ab3o6HB0cFg,77,11,0
camcam23_04,15,64,130, True, None,16,11,4
rachel.kall,23,1372,1387, True, None,36,11,0
aidanharris_,27,715,766, True, https://linktr.ee/aidanharris,9,12,0
oliviermastey,7,335,429, True, None,14,13,0
victoria.liu__,0,478,397, True, None,7,14,0
comewatchme.live,160,1465,4541, True, http://comewatchmelive.com/,45,16,0
rkhullar36,0,673,717, True, None,34,10,2
debrini_,6,1194,1335, True, None,8,8,0
revereswimming,109,253,75, True, None,41,14,0
allahohh9,3,23,305, True, None,0,9,1
emm.rooney,73,1306,1288, True, None,58,10,0
ericjiang800,36,1460,1429, True, None,34,12,3
0isaac2,2,178,214, True, None,5,7,2
sammysosagirl,90,516,809, True, None,67,13,0
carolinecreamer_,68,1960,1959, True, None,18,16,0
sophie.cronk,1,1148,1125, True, None,22,12,0
reverehigh.middleschool,0,10,131, True, None,60,23,0
charlotteeatsgrapes,49,828,1053, True, None,21,19,0
nickziebert,7,2042,1891, True, https://flic.kr/ps/3oJ9S5,93,11,0
musiccataractpage,16,872,6917, True, None,54,17,0
cathcall33,79,804,1013, True, None,11,10,2
edalal1,40,2620,2569, True, None,12,7,1
michaelabouelias,1,442,423, True, None,0,16,0
emilyawalter,115,2350,1470, True, None,36,12,0
jacksondabagia,95,811,1394, True, None,48,14,0
__ramen__,24,616,756, True, None,24,9,0
georgia.zender,16,1476,1333, True, None,33,14,0
dora__chen,15,1714,1237, True, https://supporting.afsp.org/participant/dora,41,10,0
roma.kamat,34,1829,1992, True, None,9,10,0
katelynhatem,37,2199,1876, True, None,17,12,0
bernardo_conterno,17,1175,1572, True, None,13,17,0
henry_applegate,0,793,623, True, None,16,15,0
ninanaffziger_,41,994,902, True, https://secure.actblue.com/donate/supportabortionfunds?refcode=nnafwebsite,33,14,0
frankie.delmolino,42,1210,1339, True, https://docs.google.com/document/d/1hj9_euaGVPgmpJb5t2pb0yscYEOaSz4ReNZnkEpg7PA/mobilebasic,40,17,0
sinitlijam,28,1558,1320, True, None,14,10,0
kayleigh.13,0,699,352, True, None,9,11,2
ilanamermelstein,277,1343,1272, True, http://ilanamermelstein.weebly.com/,44,16,0
aydenmakar,21,941,1069, True, http://vote.umich.edu/,22,10,0
katiestrukel,18,1846,1470, True, None,20,12,0
rylee.garno1,3,905,911, True, None,63,12,1
akadri_,88,575,687, True, None,24,7,0
mhp_fitness,13,276,435, True, https://www.gofundme.com/f/john-carroll-workers-fund?sharetype=teams&member=4341660&utm_medium=copy_link&utm_source=customer&utm_campaign=p_na+share-sheet&rcid=09aaa3f976624badb1c39b4c21dc964f,36,11,0
twilliams314,0,61,94, True, None,19,12,3
ericaannnie,152,2244,1867, True, https://vsco.co/ericaannnie,29,11,0
tazkiraahad_,35,421,424, True, None,29,12,0
luke_hackenberg,24,747,658, True, None,14,15,0
s_ooophia,8,232,312, True, None,11,9,0
ilmarovc,2,509,502, True, None,5,8,0
seth_francis,49,985,704, True, None,110,12,0
jordan_oldham,397,1554,955, True, None,27,13,0
brennan_oconnor,33,832,671, True, None,11,15,0
kayleevernonn,55,1128,1261, True, http://sayevery.name/,82,13,0
brennan_lally,26,795,839, True, None,39,13,0
nikkiiseal,46,1267,862, True, None,24,10,0
mariam.khaaan,17,1051,873, True, None,23,13,0
will.bender,18,1302,1260, True, None,46,11,0
elliemarisollewis,109,1472,1742, True, https://vs.co/Y3OvUObhl8,64,17,0
daniellhow,10,1211,1188, True, None,0,10,0
ry.salzman,17,1615,3030, True, None,17,10,0
prer.nasheth,1,52,792, True, None,18,12,0
alli_episode_2001,31,130,527, True, None,111,17,4
merielmedina,126,1903,1341, True, None,42,12,0
macey.owen,41,1186,1020, True, None,22,10,0
abby_herscu,27,1908,1478, True, None,80,11,0
drewp1134,6,605,409, True, None,32,9,4
ashlynshudick,3,1072,1310, True, None,8,13,0
samanthamorrell09,331,2118,1696, True, None,28,17,2
yn.madel,0,1234,775, True, None,0,8,0
madeleine.bauer,110,1207,1024, True, None,25,15,0
lindsay_flynn,50,1875,1976, True, https://vsco.co/lindsay-flynn,64,13,0
avaniiiy,2,495,515, True, None,9,8,0
dylanrich27,13,1077,1329, True, None,14,11,2
ella.bazella,16,372,457, True, None,9,12,0
jesser_01,34,455,593, True, None,87,9,2
ibhavani02,0,707,1089, True, https://linktr.ee/bhavanisyogaroom,34,10,2
joannazahra,25,424,416, True, None,31,11,0
ryan.mosk,1,1039,1111, True, None,14,9,0
shane_zheng20,0,251,228, True, None,7,13,2
anniecui_,24,1402,1151, True, None,10,9,0
ashantijackk,21,4016,3721, True, None,97,12,0
sophia.papp,14,1812,1717, True, None,10,11,0
wendi.so,28,1859,1634, True, None,5,8,0
jaysminchak,10,903,1005, True, None,23,11,0
joshye08,10,451,706, True, None,22,8,2
rmontagnese05,12,1262,1389, True, http://support.ironphi.org/site/TR/Events/General?px=1143540&pg=personal&fr_id=1040,9,13,2
nikhilssomani,8,1680,1781, True, None,9,13,0
mattconnelly0,6,1095,982, True, None,12,13,1
jake.slavin,18,530,761, True, None,0,11,0
trishakant,91,1522,1176, True, https://s3.us-west-2.amazonaws.com/secure.notion-static.com/ee79cc50-82fd-40ea-86e1-a791d6bb935a/ABORTION-fact-sheet.pdf?X-Amz-Algorithm=AWS4-HMAC-SHA256&X-Amz-Content-Sha256=UNSIGNED-PAYLOAD&X-Amz-Credential=AKIAT73L2G45EIPT3X45%2F20220627%2Fus-west-2%2Fs3%2Faws4_request&X-Amz-Date=20220627T050033Z&X-Amz-Expires=86400&X-Amz-Signature=30f9ee5d44b3de04ba502adb0bf01dd04996b1ef14f49d2b1a1e4ba3dd918c97&X-Amz-SignedHeaders=host&response-content-disposition=filename+%3D%22ABORTION-fact-sheet.pdf%22&x-id=GetObject,33,10,0
crobfish,6,321,733, True, None,10,8,0
annika.ehr,38,991,1190, True, None,12,10,0
_mariamontisano,42,2348,2199, True, https://vsco.co/mariamontisano,9,15,0
simran_bhutia,0,256,1002, True, None,0,13,0
lochan_ra,4,559,587, True, None,21,9,0
anish_palli,0,349,391, True, None,27,11,0
vicky_912,2,1188,1273, True, None,8,9,3
faulknerchloe,7,946,717, True, None,84,13,0
maxym.wolberg,14,657,698, True, https://adobe.ly/MaxymLink,45,13,0
itseshaw,14,474,537, True, https://currentintissues.carrd.co/,0,8,0
maxbrozeit,60,1103,3656, True, None,82,10,0
kaitlynllewell,6,1270,1612, True, https://vsco.co/kaitlynllewellyn,0,14,0
treston.haines,64,835,1972, True, https://blacklivesmatters.carrd.co/,30,14,0
justi.n___,3,1042,1214, True, None,15,10,0
maramfaqqouseh,7,863,925, True, None,12,14,0
sanasimkani,13,1040,937, True, None,11,11,0
jake.fogel,8,952,914, True, None,10,10,0
carolinecorb3tt,135,1235,996, True, None,35,15,1
sohilapte,9,1127,945, True, None,30,9,0
stephen_staid,4,1273,1059, True, None,17,13,0
drewparadis,7,1975,1934, True, None,50,11,0
reneelince,23,1264,1470, True, None,12,10,0
sophia.palise,29,1356,1094, True, None,1,13,0
aaron.blower,2,784,919, True, None,9,12,0
sylver_riddell,29,1798,1413, True, None,8,14,0
ava_seaman,11,666,560, True, https://vsco.co/avavictoria02,25,10,0
pelagia.pamel,19,1079,1251, True, None,98,13,0
jjuliawinter,77,2019,1531, True, None,111,12,0
erin.roberts_,38,1330,1153, True, https://pin.it/y6RfOFz,51,13,0
sean.scarnecchia,8,876,1207, True, None,17,16,0
anandk0lli,2,816,956, True, None,12,10,1
sojungshin_,88,1119,1101, True, https://www.maemag.com/,42,11,0
macvanr,79,2019,1767, True, None,12,7,0
andyy_yangg,6,924,923, True, None,71,11,0
nick_hyslop10,9,1073,1051, True, None,9,13,2
siyeon.park,22,783,793, True, https://vsco.co/siyeonpark,9,11,0
cameron.ross,45,2170,1990, True, None,34,12,0
emma.remien,16,875,697, True, https://gofund.me/a879b7b6,12,11,0
alexwesterdahl,1,1008,746, True, None,18,14,0
theoneannarbor,472,1337,7147, True, https://linktr.ee/TheOneAnnArbor,139,14,0
leeteresamaria,4,807,1068, True, None,38,14,0
tylan_porterfield,22,9301,2133, True, None,16,17,0
es_launstein,10,289,286, True, None,19,12,0
sierra_echolima,0,731,1011, True, None,20,15,0
im.not.ali,0,87,148, True, None,10,10,0
maryldimartino,23,1470,1028, True, None,31,14,0
messy.jessy.18,176,351,387, True, None,25,14,2
kendallgraysonn,47,1599,1475, True, None,5,15,0
mhockey5,42,942,704, True, None,13,8,1
siyiic,9,1099,790, True, None,9,6,0
john.keller_,23,784,773, True, https://www.classy.org/campaign/c63307,26,12,0
audrey.thed,53,1939,1802, True, None,15,11,0
luke.crum,3,860,928, True, None,17,9,0
cindy.wheaton,25,1380,1852, True, http://djdee-cindy.tumblr.com/,71,13,0
_mikecapp,1,1140,1145, True, None,9,9,0
kush_amin15,2,436,433, True, None,43,11,2
thejohnnyroh,12,1087,902, True, None,32,12,0
emma.wessels,59,1293,1707, True, None,95,12,0
anthony.flath,22,1469,931, True, https://youtu.be/fz_vVQXDDm4,33,13,0
iansandlerbowen,6,188,214, True, None,19,15,0
ldlum112,26,761,924, True, None,13,8,3
priyadesai05,2,1400,1355, True, None,9,12,2
jake_skulnik22,4,762,1144, True, None,43,14,2
yunat1101,70,1106,1192, True, None,15,9,4
tho.masanna,4,1186,1666, True, None,6,11,0
aayush__d,7,990,1216, True, None,21,9,0
jjlee413,3,1441,1778, True, None,11,8,3
alexxiss_faith,102,2045,1590, True, None,35,14,0
serdnatram22,8,2071,2303, True, https://www.fourvenues.com/en/itar-club/events/1st-gen-11-04-2023-FFNU,13,12,2
kerryamatthews,7,908,889, True, None,9,14,0
archis_dhar_0,1,870,962, True, None,17,13,1
mustxfa.a,11,599,768, True, None,37,9,0
lexismartin,76,1312,985, True, None,32,11,0
gracecmaloney,75,2288,2754, True, None,27,13,0
hannah.zunker,26,1059,1221, True, None,11,13,0
sam.dishon,39,1214,1597, True, None,16,10,0
risamclaughlin,9,1005,997, True, None,9,14,0
zoe.myatt,16,1520,1420, True, None,11,9,0
luciana_solorzano1713,0,281,590, True, None,9,21,4
madisonkonja,12,1307,1598, True, None,32,12,0
alexander_tran__,19,1261,2118, True, https://smtd.umich.edu/event/chamber-choir-university-choir/,29,16,0
liamsingleton7,2,222,251, True, None,49,14,1
emmalyn.30,74,1009,1306, True, None,9,10,2
nate_heimke,45,1275,1805, True, None,26,11,0
erik.salm,9,1054,1343, True, None,30,9,0
skylar.lennon,11,1150,1264, True, https://youtu.be/kcpXRowp81I,13,13,0
dexterkennedy17,1,272,321, True, None,29,15,2
adeep_das13,7,1157,1153, True, None,10,11,2
wnate13,0,910,1132, True, None,12,7,2
bntylor,3,812,1097, True, None,67,7,0
emma.pelini,50,1531,2018, True, https://ffrf.org/images/BrianBoltonDoesTheBibleProhibitAbortion.pdf,14,11,0
cagray70,10,534,680, True, None,41,8,2
j.y_yue,60,199,276, True, None,10,7,0
adarsh_ponaka,6,958,1007, True, None,12,13,0
smileyfacekj,62,787,1683, True, None,131,12,0
nithishakumar,72,1152,788, True, None,0,13,0
nlr352,1,1126,1863, True, None,27,6,3
parth522,11,1257,1182, True, None,21,8,3
brianna_gutz,51,585,1549, True, None,20,12,0
w_stacker,0,631,968, True, None,36,9,0
brandon_persaud_,9,1211,2621, True, None,52,16,0
m_gaffey,0,1019,1827, True, None,0,8,0
tara_vel,25,1250,1242, True, https://vsco.co/taravelappan,26,8,0
macyhannan,28,1189,1723, True, http://emergencycompliment.com/,74,10,0
joyce.sw,34,1247,1627, True, None,53,8,0
anisssalm,15,503,1013, True, None,24,9,0
dashforareason,18,652,1039, True, None,66,14,0
ath_ya321,6,245,512, True, None,10,9,3
lily.burchell,129,1681,2024, True, None,22,13,0
jennaweihs,20,1185,847, True, None,27,10,0
hazelshibu,51,1118,1624, True, None,33,10,0
loveforndeamonet,3,686,651, True, None,50,16,0
sanoja.kikkeri,31,1188,1165, True, None,20,14,0
isabel.scher,54,1264,1300, True, None,34,12,0
emmaalexaa,57,2675,2158, True, None,16,10,0
advaith1323,1,1138,1908, True, None,26,11,4
anyabanahnya,92,328,541, True, None,30,12,0
sophia_sircar,44,1054,1125, True, None,36,13,0
nickwohlfeil,16,652,1690, True, None,10,12,0
nishant.balaji,6,1095,2088, True, None,8,14,0
timothy.fanning,4,670,806, True, None,24,15,0
tommmy.nguyen,11,597,581, True, None,22,13,0
brenboyd22,5,937,1743, True, None,27,10,2
jeffrey.ma_,6,1198,1173, True, http://wenhuadining.com/,39,11,0
ann.marks24,35,1838,2586, True, None,83,11,2
tlc2902,28,898,1590, True, None,29,7,4
akshay.elango,0,575,520, True, None,66,13,0
mark_d__l,32,708,1117, True, None,122,9,0
jacobjbanuelosss,6,617,1145, True, None,23,16,0
danielle_goodstein,18,1053,1202, True, None,10,18,0
aryanchaudhry77,4,1841,4106, True, None,12,15,2
imanij82,5,1413,3019, True, None,23,8,2
brialynn_,16,1000,1259, True, https://vsco.co/briannapetersen,0,9,0
nathn_c,11,403,339, True, None,19,7,0
tommy.hendricks1,14,2010,1817, True, None,95,16,1
aniketoskaikallinikos,12,713,793, True, None,107,21,0
molliegray531,0,86,462, True, None,0,13,3
rishabh.kumar__,6,903,947, True, None,81,15,0
alexa_goldstein,42,2060,2172, True, None,149,15,0
kendall.mosley,38,1774,793, True, https://vsco.co/kendallmosleyy,5,14,0
flora___________,43,1780,946, True, https://linktr.ee/baasa_official,12,16,0
rice__is_nice,12,868,1673, True, None,61,13,0
wangenoch1,15,1082,1343, True, https://www.chess.com/get?r=maxohiostate,105,10,1
stiles_styles_photography,74,191,953, True, https://vm.tiktok.com/QVSbsg/,99,25,0
halle.hamblin,185,1150,430, True, None,22,13,0
minutemenclassof2020,78,122,62, True, None,149,20,4
tri_stan_bard,6,177,205, True, None,36,13,0
lens_life100,0,2694,6486, True, None,0,12,3
annalisa.lobello,41,1329,1190, True, None,67,16,0
adventuresofyungsauce,3,107,336, True, None,0,21,0
abhayadury,0,456,458, True, None,28,10,0
olivia_kayani,27,593,1137, True, https://donate.thon.org/participant/76017,22,13,0
_justgonzales_,7,563,4009, True, http://tinyurl.com/blmforever/,98,14,0
tokbochi,5,707,1383, True, None,84,8,0
joshuacraddock7,0,373,512, True, None,6,15,1
stephenh1220,7,938,974, True, None,13,12,4
essacircled,21,19,43, True, None,45,11,0
damonfurukawa30,1,707,1048, True, None,15,15,2
tarini_gowda,0,947,1012, True, https://vsco.co/tarinigowda,19,12,0
charlotte_silvidi,14,754,1961, True, None,43,17,0
szilviawiksell,25,1161,2017, True, None,48,14,0
natalia.dirocco,18,1007,1265, True, None,147,15,0
s_ostrander29,7,478,594, True, None,7,13,2
nathaniel_roth,335,304,429, True, https://m.youtube.com/channel/UCUISsvufkVoPkNfk475lziA,46,14,0
laurenweil_,46,1230,916, True, https://www.rainn.org/waitpsa,27,11,0
ava_christina222,3,611,1870, True, None,53,16,3
noahkeathley,32,2506,2535, True, https://vsco.co/noahkeathley,19,12,0
kvngkrish03,15,489,418, True, None,3,11,2
__dedicatted__,320,332,1752, True, https://youtu.be/e4XyS_SNf60,0,14,0
arwyn__p,10,642,481, True, None,25,8,0
adam.stumbaugh,5,469,671, True, None,143,14,0
vmieraci,0,658,1459, True, None,11,8,0
jack.p.smith2,1,408,956, True, None,19,13,1
_leoli__,146,1192,1161, True, None,81,8,0
itstephenlee,30,1408,2590, True, None,49,12,0
jules.mart12,36,1955,1464, True, None,47,12,2
isaacs8nt,94,1249,1907, True, None,21,9,1
jbarzellato,8,348,773, True, None,98,11,0
nolan11j,15,1189,960, True, https://vsco.co/nolanjones11,0,8,2
pramod.m21,3,440,454, True, None,13,10,2
jmgrandon6,35,312,687, True, None,93,10,1
manlikeaiden,5,742,2249, True, None,131,12,0
lawrence.saltis,19,1235,921, True, None,49,15,0
reverecrushes.v2,19,30,97, True, None,145,16,1
rickyjia5,12,1089,1301, True, None,21,9,1
allan.cao91,6,888,1569, True, None,11,11,2
naveenelliott,18,444,960, True, None,20,13,0
eve.orcutt,9,714,942, True, None,7,10,0
k1mberlyw,0,2662,1780, True, None,9,9,1
uc.fish,11,196,68, True, None,66,7,0
genelle.beier,30,1231,943, True, None,10,13,0
weyland_godzilla_king,4,368,825, True, None,18,21,0
michael.kraj,6,436,417, True, None,64,12,0
viraajkurri,0,123,140, True, None,0,11,0
ashley_slife,23,1131,1369, True, https://vsco.co/a-slife,33,12,0
jd.egleston,12,614,981, True, None,44,11,0
nathanjchenn,8,866,1877, True, None,34,12,0
hava_bailey18,10,1281,1501, True, None,34,13,2
parkerrileyyy,6,2153,2731, True, None,16,13,0
oriah.dakota,42,2962,1578, True, None,3,12,0
a_wallard,51,755,964, True, https://vsco.co/abwillard,12,9,0
_maggie.gerber_,37,670,1236, True, None,26,15,0
abby_kayani,29,664,1104, True, https://donate.thon.org/index.cfm?fuseaction=donordrive.participant&participantID=76016,23,11,0
ryanmuak,0,577,540, True, None,7,8,0
_cat.dutkiewicz_,12,574,823, True, None,24,16,0
emilyggee,3,535,440, True, None,7,9,0
molly.oldham,313,8446,1089, True, http://mollyoldham.com/,15,12,0
noahh004_,4,882,962, True, None,27,9,3
hair_mama2,353,1107,4475, True, None,0,10,1
annabellethorne_,26,945,1948, True, None,30,16,0
kdouglas67,18,824,552, True, None,26,10,2
audrey.york,21,1300,1373, True, None,7,11,0
lu_dahsuan,24,915,605, True, None,45,10,0
_meredithstein,53,1079,1086, True, http://vsco.co/meresteinnn/,45,14,0
psuully,101,1694,1284, True, https://www.gofundme.com/f/help-mixed-mode-go-to-boss-2023?utm_campaign=p_cp+share-sheet&utm_content=undefined&utm_medium=copy_link_all&utm_source=customer&utm_term=undefined,99,7,0
jjluck10,62,1386,1292, True, None,7,8,2
rhsbiologyclub,4,16,16, True, None,93,14,0
alex_habegger,4,183,347, True, None,10,13,0
highschool_memories_2020,3,32,20, True, None,77,24,4
dylanmhelms,3,897,978, True, None,18,11,0
meg_eil_d,34,1260,1713, True, https://vsco.co/meg43ed,40,9,0
leong.wesley13,15,784,1244, True, None,39,14,2
kevin_jinz,0,162,226, True, None,38,10,0
scheetz_john,1,473,655, True, None,74,12,0
mia.42nis,7,964,1816, True, None,25,9,2
dannymgrath,8,11604,978, True, None,7,11,0
kyleemaibach,8,457,491, True, None,7,12,0
_marywatson_,79,941,982, True, None,40,12,0
alexpapouras,0,189,252, True, None,8,12,0
lancechoi4067,1,924,985, True, None,27,13,4
jackson.t13,23,163,323, True, None,0,11,2
andrew__cooke,21,2249,1467, True, None,20,13,0
chloeritzic,7,655,511, True, https://depop.com/cloweenie,34,11,0
trj_pottery,422,747,918, True, https://bio.site/trj_pottery,143,11,0
mitcholson812,6,729,729, True, None,12,13,3
addienigh,6,2573,1023, True, None,2,9,0
wwhittakerkellyy,0,710,983, True, None,13,16,0
laurenmuhlenkamp,14,647,515, True, None,6,16,0
michellelston,22,887,969, True, None,22,13,0
cazeeeey,11,712,675, True, None,8,8,0
paige_marie.h,5,996,1180, True, None,16,13,0
epeach_,14,735,546, True, None,0,7,0
adi.desai_,15,1848,1533, True, None,12,10,0
paigekuehne13,54,999,1017, True, None,41,13,2
duncanmyers2768,151,115,142, True, None,0,15,4
cecekowalczyk,16,1219,1174, True, None,7,13,0
macy__baker,36,1247,940, True, None,6,11,0
delaney.tweed,12,877,555, True, http://vsco.co/deltweed/,3,13,0
summerkunzer,24,884,714, True, None,51,12,0
zach_bartley07,1,64,58, True, None,0,14,2
revere_mualphatheta,13,51,11, True, None,52,19,0
katieekinder,98,1270,1716, True, http://vsco.co/kateskinder,27,12,0
sklein1224,8,549,1137, True, None,14,10,4
nlazbin,33,726,617, True, http://vsco.co/nlazbin,10,7,0
aayushbansal2k,0,277,460, True, None,7,14,1
m.sarisha,47,849,826, True, None,22,9,0
alexpiltz,22,493,679, True, None,150,9,0
mike_restivo17,2,501,599, True, None,0,14,2
kyle_chonko,9,750,848, True, None,23,11,0
tristanjandrey,6,456,905, True, None,41,14,0
abbystumbaugh,6,299,351, True, None,14,13,0
alexjdye,6,441,466, True, None,7,8,0
maggiepetersen_,53,1293,1058, True, None,39,15,0
chase_hilte,1,157,175, True, None,0,11,0
niclasgranse,6,469,464, True, None,7,12,0
real_joel_modlik,99,336,393, True, None,43,16,0
katekrismanth,48,1250,929, True, None,10,13,0
samanthama9,21,623,669, True, None,82,11,1
societyfortheadvancementofmen,7,50,262, True, None,84,29,0
trash_panda_vtg,363,1500,6215, True, None,93,15,0
zerohootstv,425,5111,3303, True, http://www.zerohoots.com/,90,11,0
t_grosenbaugh,216,1535,2046, True, None,27,13,0
ryan_kimbo36,11,1438,1107, True, https://www.ampedsupps.com/?sca_ref=909894.6jQVbFvtTw,58,12,2
rhsshofarclub,12,48,102, True, None,108,13,0
amandanelson__,62,904,989, True, https://youtu.be/dnVuQCx8Cuo,75,14,0
gstark13,10,765,744, True, http://churchofjesuschrist.org/,23,8,2
manbloch,40,615,1282, True, None,45,8,0
russell_volk,15,670,839, True, None,49,12,0
avery_vosper,89,1281,859, True, https://vsco.co/averyvsper,7,12,0
sophiaelenii,73,949,925, True, None,25,12,0
thenicksabetta,131,898,1218, True, None,84,14,0
flynn.cowie,11,1011,902, True, None,26,11,0
stilesnate,22,385,1179, True, None,9,10,0
taylormercerpetersen,13,1000,927, True, None,38,20,0
kelby_hosbach,0,692,4937, True, None,6,13,0
imhertz1,5,678,915, True, None,12,8,1
brettrogers14,7,684,782, True, None,8,13,2
connorkasner,23,1064,1134, True, None,75,12,0
olivia_papouras16,17,1364,966, True, http://vsco.co/oliviapapouras/,23,17,2
ryan.wagner_,2,707,646, True, None,34,12,0
reverepingpong,9,27,28, True, None,23,14,0
gavinlawlor12,43,1371,1167, True, None,17,13,2
peytonthurman_,17,1346,695, True, https://vsco.co/peythurman,30,14,0
aidenweiland_33,4,903,901, True, None,11,15,2
drakedonich,11,370,315, True, https://youtube.com/channel/UCVsPqHrmgChGsl_r0pCMBBQ,18,11,0
l_r_asmr,0,109,607, True, None,42,8,0
morgandobos,15,1722,1243, True, http://vsco.co/morgandobos,10,11,0
r.linn.j,18,455,395, True, None,24,8,0
_christinemonsour,65,1104,1080, True, None,24,17,0
a_ba_chu_bec,203,83,83, True, None,62,12,0
janejusko,59,2481,2752, True, None,35,9,0
dan_yan2,1,1338,1643, True, None,12,8,1
kyleshin789,3,103,136, True, http://akt3photo.com/,0,11,3
rachelfoxoriginal,31,813,1734, True, None,65,17,0
thepinheadsoh,3,54,91, True, None,46,13,0
godardkarl,3,236,262, True, None,0,10,0
wsun75,0,156,280, True, None,8,6,2
owen_sem7,18,1353,738, True, None,56,9,1
evelyn_turocy,34,1572,1246, True, https://vsco.co/evelynturocy,37,13,0
jakebrook77,110,2479,1548, True, https://vsco.co/jakebrook77,82,11,2
elliehabel,61,1046,1003, True, https://elliehabel.com/,43,10,0
brooke___campbell_,30,576,827, True, None,94,18,0
jacobcrissman,17,530,780, True, None,38,13,0
j.fan21,2,1537,1852, True, https://anti-asianviolenceresources.carrd.co/,29,7,2
jane_earl,20,1076,858, True, None,23,9,0
lauren_slife,17,1680,1851, True, https://vsco.co/lslife,26,12,0
laney.harner,38,485,530, True, None,18,12,0
connor__wainwright,4,495,695, True, None,15,18,0
c.penzenik,4,899,725, True, None,7,10,0
micah.semmelroth,1,1231,888, True, None,3,16,0
ellie.macp,63,1869,1577, True, https://vs.co/obr97gs2,36,10,0
stephieee.t,31,1382,1670, True, None,32,11,0
michellecaye56,174,1138,1094, True, None,35,14,2
kylie.mapp,42,1057,955, True, https://vsco.co/kyliemappp,21,10,0
mason_lepke,84,1134,1490, True, https://vsco.co/masonlepke,94,11,0
paige_arconti,14,942,501, True, None,29,13,0
bobbybaker_25,47,956,886, True, None,32,13,2
graceduryea,96,1253,1218, True, None,22,11,0
carter.__.g,18,565,499, True, None,22,11,0
g_butler24,4,1220,1112, True, None,7,10,2
alexis_a018,19,789,727, True, https://vsco.co/alexisaarmstrong,13,11,3
akb_001_,40,700,846, True, None,78,8,3
dantenpardi,3,684,640, True, None,6,11,0
caseyrgallagher,43,560,526, True, None,6,15,0
onajjar3,64,1231,1187, True, None,30,8,1
stefanfarian,26,801,741, True, https://letterboxd.com/stefanfarian/,22,12,0
adam.tabbaa,0,884,937, True, None,8,11,0
alien__anarchist,161,1788,6602, True, https://open.spotify.com/artist/6OeiWmzz68XF1yo7enocGN?si=EL2JV1R5Tz2T8y8OXr-rzQ,89,16,0
ian_w44,9,727,683, True, None,33,7,2
bigbuddhaschlong,154,83,93, True, None,55,16,0
gabrielchardman,26,3722,6806, True, http://soundcloud.com/squanski,23,15,0
evan.dye,25,1348,1478, True, None,15,8,0
the_ryanlee,0,326,307, True, None,0,11,0
_caitlyyn24,95,870,1047, True, None,53,11,2
claire_sauer,19,1137,1038, True, None,11,12,0
deanna.leong,8,457,534, True, None,7,12,0
gregwilson216,0,876,1554, True, None,23,13,3
jake.soukup,7,310,597, True, None,2,11,0
leahparish_,59,892,959, True, None,4,11,0
olivialicursi,60,949,744, True, https://vsco.co/oliviaflicursi,37,13,0
g.read_,22,1198,966, True, None,43,7,0
haleyclifton12,2,27,122, True, None,11,14,2
phillip_scherb,44,1866,1565, True, https://www.gofundme.com/f/john-carroll-workers-fund?sharetype=teams&member=4341660&utm_medium=copy_link&utm_source=customer&utm_campaign=p_na+share-sheet&rcid=09aaa3f976624badb1c39b4c21dc964f,57,14,0
alliestaats,105,1740,1897, True, None,0,11,0
haley.daubs,200,1139,1354, True, None,25,11,0
madelinedrushell,205,1535,1523, True, None,22,16,0
lydbutler,266,1981,2965, True, None,2,9,0
iagtfts,200,415,2518, True, None,19,7,0
sarahoooooooooo,850,64,89, True, None,7,15,0
nolan.brazil,15,862,768, True, None,35,12,0
2020classcouncil,14,79,95, True, None,99,16,4
ramkumar1234,5,299,785, True, None,0,12,4
rajkumar219,8,151,758, True, None,36,11,3
_cyfather,15,1221,1206, True, None,25,9,0
emoe.canoe,17,785,469, True, None,26,10,0
brookoverbryce,20,45,50, True, None,34,14,0
ariannarenee_1,2,150,323, True, None,40,14,1
will.rose15,48,3186,1896, True, None,30,11,2
macksonjadden,77,2182,1831, True, https://www.jmaddenphoto.com/,6,13,0
_katefulton,19,948,902, True, None,25,11,0
nick.dye_,13,671,788, True, None,18,9,0
katherine_hagen,14,1729,4134, True, None,3,15,0
just_a_fish_on_a_trip,562,329,709, True, None,43,21,0
bryce_holt_,20,794,444, True, None,12,11,0
lucalugioyo,8,784,689, True, None,0,11,0
t.k.0hmann,86,1508,874, True, None,33,10,1
cameronoakley_,18,1523,820, True, None,29,14,0
johnmackert,10,860,704, True, None,19,11,0
kweisman12,20,980,979, True, None,9,10,2
priv.auxcord,881,78,96, True, https://youtu.be/Bc1Zzp-loA8,98,12,0
kdu_20,1,445,479, True, None,0,6,2
audreyhalv,22,1475,1340, True, https://scarletandgracenotes.com/,51,10,0
rabecca.rached,62,1488,2053, True, http://vsco.co/rabeccarached/,4,14,0
adamweiss23,40,1844,1392, True, None,40,11,2
adamchase524,8,198,323, True, None,26,12,3
nadiapokrajac,70,780,887, True, None,21,13,0
william_francis_bowe,17,903,899, True, None,21,20,0
snowfer1578,0,478,984, True, None,0,11,4
michellemboltz,327,375,490, True, None,0,14,0
con.raded,80,856,5906, True, None,0,9,0